Samsung Galaxy A52 4G - 128GB - Awesome Black,355,344,11,Samsung,https://www.bol.com//nl/p/samsung-galaxy-a52-4g-128gb-awesome-black/9300000020732477/
Samsung Galaxy A12 - 128GB - Zwart,194,177,17,Samsung,https://www.bol.com//nl/p/samsung-galaxy-a12-128gb-zwart/9300000019419396/
Apple iPhone SE (2020) - 64GB - Zwart,479,379,100,Apple,https://www.bol.com//nl/p/apple-iphone-se-64gb-zwart/9300000000886605/
Samsung Galaxy A52 5G - 128GB - Awesome Black,394,362,32,Samsung,https://www.bol.com//nl/p/samsung-galaxy-a52-5g-128gb-awesome-black/9300000023366015/
Samsung Galaxy A21s - 128GB - Zwart,216,168,48,Samsung,https://www.bol.com//nl/p/samsung-galaxy-a21s-128gb-zwart/9300000015820720/
Samsung Galaxy A20e - 32GB - Zwart,166,109,57,Samsung,https://www.bol.com//nl/p/samsung-galaxy-a20e-32gb-zwart/9200000109073236/
Apple iPhone 12 - 64GB - Zwart,789,729,60,Apple,https://www.bol.com//nl/p/apple-iphone-12-64gb-zwart/9300000013742278/
Samsung Galaxy A12 - 64GB - Zwart,165,160,5,Samsung,https://www.bol.com//nl/p/samsung-galaxy-a12-64gb-zwart/9300000020208465/
Motorola Moto G9 Plus - 128GB - Deep dive blauw,217,209,8,Motorola,https://www.bol.com//nl/p/motorola-moto-g9-plus-128gb-deep-dive-blauw/9300000009401577/
Apple iPhone 11 - 64GB - Zwart,645,619,26,Apple,https://www.bol.com//nl/p/apple-iphone-11-64gb-zwart/9200000119815601/
Samsung Galaxy A21s - 64GB - Zwart,193,171,22,Samsung,https://www.bol.com//nl/p/samsung-galaxy-a21s-64gb-zwart/9300000000132986/
Samsung Galaxy A02s - 32GB - Wit,140,128,12,Samsung,https://www.bol.com//nl/p/samsung-galaxy-a02s-32gb-wit/9300000020547715/
Motorola Moto g9 power - 128GB - Groen,189,173,16,Motorola,https://www.bol.com//nl/p/motorola-moto-g9-power-128gb-groen/9300000012375717/
Samsung Galaxy A41 - 64GB - Zwart,235,221,14,Samsung,https://www.bol.com//nl/p/samsung-galaxy-a41-64gb-zwart/9300000000132992/
Samsung Galaxy A51 - 128GB - Zwart,281,229,52,Samsung,https://www.bol.com//nl/p/samsung-galaxy-a51-128gb-zwart/9200000127101717/
Motorola Moto E7 Plus - 64GB - Misty blue,131,119,12,Motorola,https://www.bol.com//nl/p/motorola-moto-e7-plus-64gb-misty-blue/9300000009401579/
Samsung Galaxy S21 - 5G - 128GB - Phantom Gray,759,715,44,Samsung,https://www.bol.com//nl/p/samsung-galaxy-s21-5g-128gb-phantom-gray/9300000020732481/
Samsung Galaxy A10 - 32GB - Zwart,154,152,2,Samsung,https://www.bol.com//nl/p/samsung-galaxy-a10-32gb-zwart/9200000111950985/
Apple iPhone 12 Pro - 128GB - Oceaan blauw,1063,1034,29,Apple,https://www.bol.com//nl/p/apple-iphone-12-pro-128gb-oceaan-blauw/9300000013742251/
Xiaomi Redmi 9C NFC - 64GB - Grijs,119,109,10,Xiaomi,https://www.bol.com//nl/p/xiaomi-redmi-9c-nfc-64gb-grijs/9300000010303091/
Samsung Galaxy A72 4G - 128GB - Awesome Black,445,442,3,Samsung,https://www.bol.com//nl/p/samsung-galaxy-a72-4g-128gb-awesome-black/9300000020732470/
Alcatel 1SE (2020) - 32GB – Groen,90,0,0,Alcatel,https://www.bol.com//nl/p/alcatel-1se-32gb-groen/9300000001580713/
Samsung Galaxy A01 Core - 16GB - Zwart,92,91,1,Samsung,https://www.bol.com//nl/p/samsung-galaxy-a01-core-16gb-zwart/9300000007420502/
Alcatel 1C (2019) - 3G - 8GB - Zwart,59,53,6,Alcatel,https://www.bol.com//nl/p/alcatel-1c-3g-8gb-zwart/9200000112629003/
Samsung Galaxy A40 - 64GB - Zwart,226,183,43,Samsung,https://www.bol.com//nl/p/samsung-galaxy-a40-64gb-zwart/9200000107463262/
Samsung Galaxy S10e - 128GB - Prism zwart,518,509,9,Samsung,https://www.bol.com//nl/p/samsung-galaxy-s10e-128gb-prism-zwart/9200000106450648/
Samsung Galaxy A32 5G - 128GB - Awesome Black,259,232,27,Samsung,https://www.bol.com//nl/p/samsung-galaxy-a32-5g-128gb-awesome-black/9300000022106004/
Apple iPhone 12 - 128GB - Zwart,885,754,131,Apple,https://www.bol.com//nl/p/apple-iphone-12-128gb-zwart/9300000013742325/
Motorola Moto G8 Power - 64GB - Zwart,196,155,41,Motorola,https://www.bol.com//nl/p/motorola-moto-g8-power-64gb-zwart/9200000127141341/
Samsung Galaxy S20 FE - 4G - 128GB - Blauw,569,548,21,Samsung,https://www.bol.com//nl/p/samsung-galaxy-s20-fe-4g-128gb-blauw/9300000008841647/
Huawei P30 Lite - 128GB - Midnight Zwart,196,0,0,Huawei,https://www.bol.com//nl/p/huawei-p30-lite-128gb-midnight-zwart/9200000107750278/
Samsung Galaxy A12 - 64GB - Blauw,164,0,0,Samsung,https://www.bol.com//nl/p/samsung-galaxy-a12-64gb-blauw/9300000021392354/
Apple iPhone 11 - 128GB - Zwart,699,584,115,Apple,https://www.bol.com//nl/p/apple-iphone-11-128gb-zwart/9200000119816199/
Motorola Moto E7i Power - 32GB - Blauw,117,0,0,Motorola,https://www.bol.com//nl/p/motorola-moto-e7i-power-32gb-blauw/9300000021262611/
Samsung Galaxy A02s - 32GB - Zwart,129,109,20,Samsung,https://www.bol.com//nl/p/samsung-galaxy-a02s-32gb-zwart/9300000020547718/
Samsung Galaxy A71 - 128GB - Zwart,364,269,95,Samsung,https://www.bol.com//nl/p/samsung-galaxy-a71-128gb-zwart/9200000127101810/
Apple iPhone 12 Pro - 256GB - Grafiet,1216,1065,151,Apple,https://www.bol.com//nl/p/apple-iphone-12-pro-256gb-grafiet/9300000013742242/
Samsung Galaxy A12 - 128GB -  Blauw,194,173,21,Samsung,https://www.bol.com//nl/p/samsung-galaxy-a12-128gb-blauw/9300000019419395/
SwissVoice G50 Senioren Smartphone + gratis lederen insteek hoesje en prepaid jaarbundel data en bellen,149,0,0,Swissvoice by CRESTA,https://www.bol.com//nl/p/swissvoice-g50-senioren-smartphone-gratis-lederen-insteek-hoesje-prepaid-jaarbundel-data-bellen/9300000015115804/
Apple iPhone XR - 64GB - Zwart,549,432,117,Apple,https://www.bol.com//nl/p/apple-iphone-xr-64gb-zwart/9200000098453451/
Motorola Moto G8 Power Lite - Blauw,137,109,28,Motorola,https://www.bol.com//nl/p/motorola-moto-g8-power-lite-blauw/9200000127141343/
Poco X3 Pro - 128GB - Zwart,245,225,20,Xiaomi,https://www.bol.com//nl/p/poco-x3-pro-128gb-zwart/9300000031501843/
Samsung Galaxy A21s - 32GB - Blauw,173,130,43,Samsung,https://www.bol.com//nl/p/samsung-galaxy-a21s-32gb-blauw/9300000000132994/
Samsung Galaxy A20e - Dual Sim - 32GB - Wit,164,154,10,Samsung,https://www.bol.com//nl/p/samsung-galaxy-a20e-dual-sim-32gb-wit/9200000109073220/
Apple iPhone 12 Mini - 64GB - Zwart,718,615,103,Apple,https://www.bol.com//nl/p/apple-iphone-12-mini-64gb-zwart/9300000013742257/
Alcatel 1B 2020 - 32GB - Zwart,79,62,17,Alcatel,https://www.bol.com//nl/p/alcatel-1b-2020-32gb-zwart/9300000014838536/
Samsung Galaxy A32 4G - 128GB - Awesome Black,220,0,0,Samsung,https://www.bol.com//nl/p/samsung-galaxy-a32-4g-128gb-awesome-black/9300000022105999/
Samsung Galaxy A21s - 32GB - Zwart,151,0,0,Samsung,https://www.bol.com//nl/p/samsung-galaxy-a21s-32gb-zwart/9300000000133003/
OPPO A72 - 128GB - Zwart,196,196,0,OPPO,https://www.bol.com//nl/p/oppo-a72-128gb-zwart/9300000002779754/
Samsung Galaxy A52 4G - 128GB - Awesome Violet,349,0,0,Samsung,https://www.bol.com//nl/p/samsung-galaxy-a52-4g-128gb-awesome-violet/9300000024960227/
Apple iPhone 12 Pro Max - 256GB - Grafiet,1285,1178,107,Apple,https://www.bol.com//nl/p/apple-iphone-12-pro-max-256gb-grafiet/9300000013742208/
Apple iPhone 12 Mini - 128GB - Zwart,789,758,31,Apple,https://www.bol.com//nl/p/apple-iphone-12-mini-128gb-zwart/9300000013742303/
Samsung Galaxy A21s - 128GB - Blauw,218,217,1,Samsung,https://www.bol.com//nl/p/samsung-galaxy-a21s-128gb-blauw/9300000015820721/
Motorola Moto G9 Plus - 128GB -  Copper rose,218,0,0,Motorola,https://www.bol.com//nl/p/motorola-moto-g9-plus-128gb-copper-rose/9300000009401578/
Samsung Galaxy A01 Core  - 16GB - Blauw,92,0,0,Samsung,https://www.bol.com//nl/p/samsung-galaxy-a01-core-16gb-blauw/9300000008537177/
Samsung Galaxy S20 FE - 5G - 128GB - Cloud Navy,597,499,98,Samsung,https://www.bol.com//nl/p/samsung-galaxy-s20-fe-5g-128gb-cloud-navy/9300000010045175/
Huawei P30 Lite New edition - 256GB - Midnight black,279,269,10,Huawei,https://www.bol.com//nl/p/huawei-p30-lite-new-edition-256gb-midnight-black/9200000126132549/
Apple iPhone 12 - 64GB - Blauw,828,728,100,Apple,https://www.bol.com//nl/p/apple-iphone-12-64gb-blauw/9300000013742351/
Motorola Moto G9 Play - 64GB - Groen,145,131,14,Motorola,https://www.bol.com//nl/p/motorola-moto-g9-play-64gb-groen/9300000008104040/
OPPO A15  - 32GB - Zwart,119,114,5,OPPO,https://www.bol.com//nl/p/oppo-a15-32gb-zwart/9300000017398501/
Samsung Galaxy A50 - 128GB - Zwart,274,268,6,Samsung,https://www.bol.com//nl/p/samsung-galaxy-a50-128gb-zwart/9200000106883561/
OnePlus Nord N100 - 64GB - Grijs,149,137,12,OnePlus,https://www.bol.com//nl/p/oneplus-nord-n100-64gb-grijs/9300000017872622/
Xiaomi Mi 10T Lite - 128GB - Grijs,304,268,36,Xiaomi,https://www.bol.com//nl/p/xiaomi-mi-10t-lite-128gb-grijs/9300000010573515/
Samsung Galaxy XCover 5 Enterprise Edition - 64GB - Zwart,284,276,8,Samsung,https://www.bol.com//nl/p/samsung-galaxy-xcover-5-enterprise-edition-64gb-zwart/9300000024960221/
Samsung Galaxy A42 5G - 128GB - Prism Dot Black,327,300,27,Samsung,https://www.bol.com//nl/p/samsung-galaxy-a42-5g-128gb-prism-dot-black/9300000010098436/
Huawei P Smart 2021 - 128 GB - Zwart,169,136,33,Huawei,https://www.bol.com//nl/p/huawei-p-smart-2021-128-gb-zwart/9300000013153840/
not found,61,0,0,Alcatel,not found
Samsung Galaxy A51 - 128GB - Blauw,284,250,34,Samsung,https://www.bol.com//nl/p/samsung-galaxy-a51-128gb-blauw/9200000127101588/
Apple iPhone 12 Mini - 64GB - Blauw,738,552,186,Apple,https://www.bol.com//nl/p/apple-iphone-12-mini-64gb-blauw/9300000013742349/
Samsung Galaxy A41 - 64GB - Wit,233,218,15,Samsung,https://www.bol.com//nl/p/samsung-galaxy-a41-64gb-wit/9300000000132997/
Apple iPhone X - Refurbished door Forza - B grade (Lichte gebruikssporen) - 64GB - Spacegrijs,354,0,0,Apple Refurbished,https://www.bol.com//nl/p/apple-iphone-x-refurbished-door-forza-b-grade-64gb-spacegrijs/9200000101335068/
Samsung Galaxy A52 4G - 128GB - Awesome Blue,347,293,54,Samsung,https://www.bol.com//nl/p/samsung-galaxy-a52-4g-128gb-awesome-blue/9300000023366013/
Apple iPhone SE (2020) - 128GB - Zwart,527,364,163,Apple,https://www.bol.com//nl/p/apple-iphone-se-128gb-zwart/9300000000886601/
Samsung Galaxy A21s - 64GB - Blauw,193,139,54,Samsung,https://www.bol.com//nl/p/samsung-galaxy-a21s-64gb-blauw/9300000000132990/
Google Pixel 4a - 128GB - Zwart,415,389,26,Google,https://www.bol.com//nl/p/google-pixel-4a-128gb-zwart/9300000011493206/
Samsung Galaxy S21 Ultra - 5G - 128GB - Phantom Black,1089,890,199,Samsung,https://www.bol.com//nl/p/samsung-galaxy-s21-ultra-5g-128gb-phantom-black/9300000020732466/
Huawei P30 Lite - 128GB - Peacock Blauw,237,0,0,Huawei,https://www.bol.com//nl/p/huawei-p30-lite-128gb-peacock-blauw/9200000107750280/
Samsung Galaxy Xcover 4s - 32GB - Zwart,245,224,21,Samsung,https://www.bol.com//nl/p/samsung-galaxy-xcover-4s-32gb-zwart/9200000111950981/
Xiaomi Redmi Note 10 - 128GB - Grijs,225,214,11,Xiaomi,https://www.bol.com//nl/p/xiaomi-redmi-note-10-128gb-grijs/9300000031686360/
Samsung Galaxy A21s - 128GB - Wit,206,206,0,Samsung,https://www.bol.com//nl/p/samsung-galaxy-a21s-128gb-wit/9300000015820724/
Samsung Galaxy A10S - 32GB - Zwart,134,132,2,Samsung,https://www.bol.com//nl/p/samsung-galaxy-a10s-32gb-zwart/9200000121265417/
Alcatel 1SE (2020) - 32GB - Grijs,98,86,12,Alcatel,https://www.bol.com//nl/p/alcatel-1se-32gb-grijs/9300000001580712/
Motorola Moto G 5G - 64GB - Grijs,235,211,24,Motorola,https://www.bol.com//nl/p/motorola-moto-g-5g-64gb-grijs/9300000013695250/
Apple iPhone 12 Pro Max - 128GB - Grafiet,1227,1190,37,Apple,https://www.bol.com//nl/p/apple-iphone-12-pro-max-128gb-grafiet/9300000013742268/
Samsung Galaxy A72 4G - 128GB - Awesome White,418,384,34,Samsung,https://www.bol.com//nl/p/samsung-galaxy-a72-4g-128gb-awesome-white/9300000024960222/
Samsung Galaxy A12 - 64GB - Wit,159,0,0,Samsung,https://www.bol.com//nl/p/samsung-galaxy-a12-64gb-wit/9300000020208463/
Samsung Galaxy M11 - 32GB - Blauw,141,99,42,Samsung,https://www.bol.com//nl/p/samsung-galaxy-m11-32gb-blauw/9300000014240088/
Samsung Galaxy A41 - 64GB - Blauw,225,197,28,Samsung,https://www.bol.com//nl/p/samsung-galaxy-a41-64gb-blauw/9300000000132999/
Samsung Galaxy S20 - 5G - 128GB - Cosmic Grey,749,729,20,Samsung,https://www.bol.com//nl/p/samsung-galaxy-s20-5g-128gb-cosmic-grey/9200000128429194/
SwissVoice | G50 Senioren Smartphone | eenvoudig opladen | geschikt voor iedere provider,148,0,0,Swissvoice,https://www.bol.com//nl/p/swissvoice-g50-senioren-smartphone-eenvoudig-opladen-geschikt-voor-iedere-provider/9300000032511109/
Samsung Galaxy A52 5G - 128GB - Awesome Violet,394,0,0,Samsung,https://www.bol.com//nl/p/samsung-galaxy-a52-5g-128gb-awesome-violet/9300000024960228/
Apple iPhone 12 Pro - 128GB - Grafiet,1081,921,160,Apple,https://www.bol.com//nl/p/apple-iphone-12-pro-128gb-grafiet/9300000013742277/
Nokia 5.4 - 64GB - Blauw,192,123,69,Nokia,https://www.bol.com//nl/p/nokia-5-4-64gb-blauw/9300000021882472/
Samsung Galaxy S10+ - 128GB - Prism Zwart,649,630,19,Samsung,https://www.bol.com//nl/p/samsung-galaxy-s10-128gb-prism-zwart/9200000106236124/
Apple iPhone 12 - 64GB - Wit,799,729,70,Apple,https://www.bol.com//nl/p/apple-iphone-12-64gb-wit/9300000013742379/
Motorola Moto G9 Play - 64GB - Blauw,149,0,0,Motorola,https://www.bol.com//nl/p/motorola-moto-g9-play-64gb-blauw/9300000008104039/
Xiaomi Redmi 9 -32 GB - Grey,129,0,0,Xiaomi,https://www.bol.com//nl/p/xiaomi-redmi-9-32-gb-grey/9300000004593837/
Nokia X20 5G - 128GB - Blauw,379,0,0,Nokia,https://www.bol.com//nl/p/nokia-x20-5g-128gb-blauw/9300000034408248/
Apple iPhone SE (2020) - 128GB - Rood,499,0,0,Apple,https://www.bol.com//nl/p/apple-iphone-se-128gb-rood/9300000000886595/
CAT S62 Pro - 128GB - Zwart,549,413,136,Cat,https://www.bol.com//nl/p/cat-s62-pro-128gb-zwart/9300000007439030/
Oneplus Nord N10 5G - 128GB - Blauw,279,269,10,OnePlus,https://www.bol.com//nl/p/oneplus-nord-n10-5g-128gb-blauw/9300000017900799/
Apple iPhone SE (2020) - 64GB - Rood,459,321,138,Apple,https://www.bol.com//nl/p/apple-iphone-se-64gb-rood/9300000000886628/
Samsung Galaxy A21s - 32GB - Wit,173,159,14,Samsung,https://www.bol.com//nl/p/samsung-galaxy-a21s-32gb-wit/9300000000132993/
Samsung Galaxy S21 Ultra - 5G - 256GB - Phantom Black,1144,1052,92,Samsung,https://www.bol.com//nl/p/samsung-galaxy-s21-ultra-5g-256gb-phantom-black/9300000020732478/
Alcatel 1B 2020 - 32GB - Groen,79,76,3,Alcatel,https://www.bol.com//nl/p/alcatel-1b-2020-32gb-groen/9300000012857734/
Apple iPhone XR - 128GB - Zwart,590,399,191,Apple,https://www.bol.com//nl/p/apple-iphone-xr-128gb-zwart/9200000098453492/
Oppo A9 (2020) - 128 GB - Groen,199,191,8,OPPO,https://www.bol.com//nl/p/oppo-a9-128-gb-groen/9200000122241521/
Samsung Galaxy J3 (2016) - 8GB - Zwart,139,99,40,Samsung,https://www.bol.com//nl/p/samsung-galaxy-j3-8gb-zwart/9200000056577975/
Xiaomi Redmi 9 -64GB - Grey,149,0,0,Xiaomi,https://www.bol.com//nl/p/xiaomi-redmi-9-64gb-grey/9300000004593839/
Samsung Galaxy S21+ - 5G - 256GB - Phantom Black,849,828,21,Samsung,https://www.bol.com//nl/p/samsung-galaxy-s21-5g-256gb-phantom-black/9300000020732475/
OPPO A15 - 32GB - Blauw,113,0,0,OPPO,https://www.bol.com//nl/p/oppo-a15-32gb-blauw/9300000017398502/
Samsung galaxy A01 Core Blauw 32 GB,125,0,0,Samsung,https://www.bol.com//nl/p/samsung-galaxy-a01-core-blauw-32-gb/9300000023588530/
CAT S52 - 64GB - Zwart,299,235,64,Cat,https://www.bol.com//nl/p/cat-s52-64gb-zwart/9200000124329681/
Apple iPhone 8 - 64GB - Spacegrijs,495,244,251,Apple,https://www.bol.com//nl/p/apple-iphone-8-64gb-spacegrijs/9200000082607880/
Sony Xperia XA1 - 32GB - Zwart,0,0,0,Sony,https://www.bol.com//nl/p/sony-xperia-xa1-32gb-zwart/9200000075306129/
POCO F3 Black 6GB RAM 128GB Android,349,0,0,Xiaomi,https://www.bol.com//nl/p/poco-f3-black-6gb-ram-128gb-android/9300000035008680/
Motorola Moto G Pro - 128 GB - Blauw,218,0,0,Motorola,https://www.bol.com//nl/p/motorola-moto-g-pro-128-gb-blauw/9300000002727880/
Samsung Galaxy  S21 - 5G - 256GB - Phantom Gray,817,793,24,Samsung,https://www.bol.com//nl/p/samsung-galaxy-s21-5g-256gb-phantom-gray/9300000020732464/
CAT S42 - 32GB - Zwart,213,188,25,Cat,https://www.bol.com//nl/p/cat-s42-32gb-zwart/9300000004951815/
Samsung - Galaxy - A51 - Dual Sim - 128GB - Prism Crush Black,279,0,0,Samsung,https://www.bol.com//nl/p/samsung-galaxy-a51-dual-sim-128gb-prism-crush-black/9300000017405831/
Motorola Moto E6 Play - 32GB - Steel Black (Zwart),77,73,4,Motorola,https://www.bol.com//nl/p/motorola-moto-e6-play-32gb-steel-black/9200000122803221/
Motorola Moto G30 - 128GB - Zwart,179,0,0,Motorola,https://www.bol.com//nl/p/motorola-moto-g30-128gb-zwart/9300000021262613/
Samsung Galaxy A72 4G - 128GB - Awesome Blue,405,392,13,Samsung,https://www.bol.com//nl/p/samsung-galaxy-a72-4g-128gb-awesome-blue/9300000024960220/
Motorola Moto G 5G Plus - 64GB - Surfing blauw,236,235,1,Motorola,https://www.bol.com//nl/p/motorola-moto-g-5g-plus-64gb-surfing-blauw/9300000005834317/
Huawei Y6 (2019) - 32GB - Zwart,139,119,20,Huawei,https://www.bol.com//nl/p/huawei-y6-32gb-zwart/9200000105884676/
Samsung Galaxy A52 5G - 128GB - Awesome Blue,394,0,0,Samsung,https://www.bol.com//nl/p/samsung-galaxy-a52-5g-128gb-awesome-blue/9300000023366014/
Samsung Galaxy A51 - 128GB - Wit,279,211,68,Samsung,https://www.bol.com//nl/p/samsung-galaxy-a51-128gb-wit/9200000127101721/
Samsung Galaxy A3 Core- 16GB - Zwart,109,0,0,Samsung,https://www.bol.com//nl/p/samsung-galaxy-a3-core-16gb-zwart/9300000031389983/
Apple iPhone 12 Mini - 64GB - Wit,695,674,21,Apple,https://www.bol.com//nl/p/apple-iphone-12-mini-64gb-wit/9300000013742270/
Apple iPhone 12 Pro Max - 256GB - Oceaan blauw,1325,1293,32,Apple,https://www.bol.com//nl/p/apple-iphone-12-pro-max-256gb-oceaan-blauw/9300000013742219/
Xiaomi Redmi Note 9 Pro - 128GB - Grijs,259,149,110,Xiaomi,https://www.bol.com//nl/p/xiaomi-redmi-note-9-pro-128gb-grijs/9300000000827984/
Samsung Galaxy S20 - 4G - 128GB - Cosmic Gray,699,695,4,Samsung,https://www.bol.com//nl/p/samsung-galaxy-s20-4g-128gb-cosmic-gray/9200000128429224/
Apple iPhone 12 - 128GB - Blauw,865,789,76,Apple,https://www.bol.com//nl/p/apple-iphone-12-128gb-blauw/9300000013742215/
Nokia 1.4 - 32GB - Blauw,119,0,0,Nokia,https://www.bol.com//nl/p/nokia-1-4-32gb-blauw/9300000026045371/
Samsung Galaxy A21s - 64GB - Wit,193,183,10,Samsung,https://www.bol.com//nl/p/samsung-galaxy-a21s-64gb-wit/9300000000132987/
Nokia 5.3 - 64GB - Grijs,169,125,44,Nokia,https://www.bol.com//nl/p/nokia-5-3-64gb-grijs/9200000132589155/
Samsung Galaxy A42 5G -128GB - Prism Dot White,327,317,10,Samsung,https://www.bol.com//nl/p/samsung-galaxy-a42-5g-128gb-prism-dot-white/9300000010098435/
Samsung Galaxy M21 Power - 64GB - Zwart,269,0,0,Samsung,https://www.bol.com//nl/p/samsung-galaxy-m21-power-64gb-zwart/9300000000133004/
Senioren Smartphone 32 GB (De officiële SeniorenTab op basis van Samsung smartphone),309,0,0,SeniorenTab,https://www.bol.com//nl/p/senioren-smartphone-32-gb/9200000107878134/
Apple iPhone 12 - 64GB - Rood,788,0,0,Apple,https://www.bol.com//nl/p/apple-iphone-12-64gb-rood/9300000013742279/
Samsung Galaxy A52 5G - 128GB - Awesome White,394,0,0,Samsung,https://www.bol.com//nl/p/samsung-galaxy-a52-5g-128gb-awesome-white/9300000024960226/
OPPO A53s - 128GB - Blauw,169,0,0,OPPO,https://www.bol.com//nl/p/oppo-a53s-128gb-blauw/9300000012834405/
Samsung Galaxy M11 - 32GB - Zwart,141,132,9,Samsung,https://www.bol.com//nl/p/samsung-galaxy-m11-32gb-zwart/9300000014240087/
Samsung Galaxy S20 Ultra - 5G - 128GB - Cosmic Black,817,729,88,Samsung,https://www.bol.com//nl/p/samsung-galaxy-s20-ultra-5g-128gb-cosmic-black/9200000128429164/
Samsung Galaxy A20e - 32GB - Koraal,169,143,26,Samsung,https://www.bol.com//nl/p/samsung-galaxy-a20e-32gb-koraal/9200000109073224/
OnePlus 9 Pro - 128GB - Zwart,899,0,0,OnePlus,https://www.bol.com//nl/p/oneplus-9-pro-128gb-zwart/9300000032863336/
Samsung Galaxy A31 - 64GB - Zwart,241,0,0,Samsung,https://www.bol.com//nl/p/samsung-galaxy-a31-64gb-zwart/9300000004879142/
Samsung Galaxy S10 Lite - 128GB - Zwart,479,399,80,Samsung,https://www.bol.com//nl/p/samsung-galaxy-s10-lite-128gb-zwart/9200000127102588/
Samsung Galaxy A10 - 32GB - Blauw,157,125,32,Samsung,https://www.bol.com//nl/p/samsung-galaxy-a10-32gb-blauw/9200000111950979/
Samsung Galaxy A71 - 128GB - Blauw,299,0,0,Samsung,https://www.bol.com//nl/p/samsung-galaxy-a71-128gb-blauw/9200000127101719/
Smartphone voor Senioren 32GB Zwart (Basis van een Alcatel Smartphone),199,0,0,Senior Phone,https://www.bol.com//nl/p/smartphone-voor-senioren-32gb-zwart/9300000032977808/
Samsung Galaxy S9 - 64GB - Midnight Black (Zwart),494,0,0,Samsung,https://www.bol.com//nl/p/samsung-galaxy-s9-64gb-midnight-black/9200000089764879/
Huawei P Smart 2019 - 64GB - Zwart,179,149,30,Huawei,https://www.bol.com//nl/p/huawei-p-smart-2019-64gb-zwart/9200000103156403/
Samsung Galaxy A02 -64GB-Zwart,151,0,0,Samsung,https://www.bol.com//nl/p/samsung-galaxy-a02-64gb-zwart/9300000027463717/
Samsung Galaxy A8 zwart,250,199,51,Samsung,https://www.bol.com//nl/p/samsung-galaxy-a8-zwart/9200000087241876/
Xiaomi Redmi Note 9T 5G  - 128GB - Zwart,229,202,27,Xiaomi,https://www.bol.com//nl/p/xiaomi-redmi-note-9t-5g-128gb-zwart/9300000021026243/
OPPO Reno4 Z 5G - 128GB - Zwart,280,0,0,OPPO,https://www.bol.com//nl/p/oppo-reno4-z-5g-128gb-zwart/9300000013253932/
Samsung Galaxy A20s - 32GB - Zwart,174,0,0,Samsung,https://www.bol.com//nl/p/samsung-galaxy-a20s-32gb-zwart/9300000007915965/
Apple iPhone 7 - 32GB - Roségoud,349,249,100,Apple,https://www.bol.com//nl/p/apple-iphone-7-32gb-rosegoud/9200000126573771/
Motorola Moto g9 power - 128GB - Paars,187,181,6,Motorola,https://www.bol.com//nl/p/motorola-moto-g9-power-128gb-paars/9300000013695248/
Xiaomi Redmi 9C - 64GB - Grijs,119,0,0,Xiaomi,https://www.bol.com//nl/p/xiaomi-redmi-9c-64gb-grijs/9300000009972963/
Apple iPhone 8 -- Refurbished door Forza - B grade (Lichte gebruikssporen) - 64GB - Zilver,229,0,0,Apple Refurbished,https://www.bol.com//nl/p/apple-iphone-8-refurbished-door-forza-b-grade-64gb-zilver/9200000093198994/
OPPO A53 - 64GB - Zwart,173,0,0,OPPO,https://www.bol.com//nl/p/oppo-a53-64gb-zwart/9300000012834305/
Alcatel 1S (2019) - 32GB -  Zwart,100,0,0,Alcatel,https://www.bol.com//nl/p/alcatel-1s-32gb-zwart/9200000112629009/
Samsung Galaxy S10 - 128GB - Prism Zwart,679,580,99,Samsung,https://www.bol.com//nl/p/samsung-galaxy-s10-128gb-prism-zwart/9200000106236052/
Samsung Galaxy A11 (2020) - 32GB - Wit,157,0,0,Samsung,https://www.bol.com//nl/p/samsung-galaxy-a11-32gb-wit/9300000007421373/
Nokia 5.4 - 128 GB - Blauw - inclusief draadloos koptelefoon,249,0,0,Nokia,https://www.bol.com//nl/p/nokia-5-4-128-gb-blauw-inclusief-draadloos-koptelefoon/9300000027426132/
Xiaomi Mi 10T Pro - 128GB - Zwart,425,0,0,Xiaomi,https://www.bol.com//nl/p/xiaomi-mi-10t-pro-128gb-zwart/9300000010573513/
not found,60,0,0,Fysic,not found
Samsung Galaxy A3 Core - 16GB - Blauw,109,108,1,Samsung,https://www.bol.com//nl/p/samsung-galaxy-a3-core-16gb-blauw/9300000023688045/
Samsung Galaxy S8 - 64GB - Midnight Black (Zwart),479,0,0,Samsung,https://www.bol.com//nl/p/samsung-galaxy-s8-64gb-midnight-black/9200000076289521/
Samsung Galaxy A32 5G - 128GB - Awesome Violet,0,0,0,Samsung,https://www.bol.com//nl/p/samsung-galaxy-a32-5g-128gb-awesome-violet/9300000022106002/
Nokia 1.3 - 16GB - Grijs,76,72,4,Nokia,https://www.bol.com//nl/p/nokia-1-3-16gb-grijs/9200000132588190/
LG Q60 - 64GB - New Moroccan Blue (Blauw),146,0,0,LG,https://www.bol.com//nl/p/lg-q60-64gb-new-moroccan-blue/9200000113346886/
Nokia 2.4 - 32GB - Grijs,109,0,0,Nokia,https://www.bol.com//nl/p/nokia-2-4-32gb-grijs/9300000010112489/
Motorola Moto E6i - 32GB - Grijs,99,0,0,Motorola,https://www.bol.com//nl/p/motorola-moto-e6i-32gb-grijs/9300000032306660/
Xiaomi Redmi Note 9 - 64GB - Grijs,152,0,0,Xiaomi,https://www.bol.com//nl/p/xiaomi-redmi-note-9-64gb-grijs/9300000002076173/
Samsung Galaxy A72 4G - 128GB - Awesome Violet,463,0,0,Samsung,https://www.bol.com//nl/p/samsung-galaxy-a72-4g-128gb-awesome-violet/9300000024960225/
Apple iPhone 12 Pro - 256GB - Oceaan blauw,1216,1123,93,Apple,https://www.bol.com//nl/p/apple-iphone-12-pro-256gb-oceaan-blauw/9300000013742243/
Samsung Galaxy Note20 Ultra - 256GB - 5G - Zwart,1024,1009,15,Samsung,https://www.bol.com//nl/p/samsung-galaxy-note20-ultra-256gb-5g-zwart/9300000006524832/
Apple iPhone 8 refurbished door Renewd - A Grade (zo goed als nieuw) - 64GB - Spacegrijs,319,0,0,Apple Refurbished,https://www.bol.com//nl/p/apple-iphone-8-refurbished-door-renewd-a-grade-64gb-spacegrijs/9200000096113922/
SwissVoice G50 Senioren Smartphone,148,144,4,Swissvoice,https://www.bol.com//nl/p/swissvoice-g50-senioren-smartphone/9300000016727978/
Samsung Galaxy S20+ - 5G - 128GB - Cosmic Black,728,0,0,Samsung,https://www.bol.com//nl/p/samsung-galaxy-s20-5g-128gb-cosmic-black/9200000128429182/
Nokia 3.1 Plus - 32GB - Blauw,139,0,0,Nokia,https://www.bol.com//nl/p/nokia-3-1-plus-32gb-blauw/9200000100905658/
Apple iPhone SE (2020) - 128GB - Wit,519,372,147,Apple,https://www.bol.com//nl/p/apple-iphone-se-128gb-wit/9300000000886622/
Motorola Moto E6S - 32GB - Grijs,110,0,0,Motorola,https://www.bol.com//nl/p/motorola-moto-e6s-32gb-grijs/9300000002512296/
Huawei P Smart - 32GB - Zwart,148,125,23,Huawei,https://www.bol.com//nl/p/huawei-p-smart-32gb-zwart/9200000086438850/
Sony Xperia 5 II - 5G - 128GB - Zwart,699,0,0,Sony,https://www.bol.com//nl/p/sony-xperia-5-ii-5g-128gb-zwart/9300000010390722/
Nokia 3.4 - 32GB - Grijs,136,115,21,Nokia,https://www.bol.com//nl/p/nokia-3-4-32gb-grijs/9300000010112493/
Xiaomi Redmi Note 9 Pro - 128GB - Groen,233,0,0,Xiaomi,https://www.bol.com//nl/p/xiaomi-redmi-note-9-pro-128gb-groen/9300000000827987/
Huawei P40 Lite – 128GB – Zwart,169,147,22,Huawei,https://www.bol.com//nl/p/huawei-p40-lite-128gb-zwart/9200000132374816/
Samsung Galaxy M31 - 64GB - Rood,289,200,89,Samsung,https://www.bol.com//nl/p/samsung-galaxy-m31-64gb-rood/9300000005865237/
Samsung Galaxy S9+ - 64GB - Zwart,549,429,120,Samsung,https://www.bol.com//nl/p/samsung-galaxy-s9-64gb-zwart/9200000089764869/
Samsung Galaxy S21+ - 5G - 128GB - Phantom Black,832,770,62,Samsung,https://www.bol.com//nl/p/samsung-galaxy-s21-5g-128gb-phantom-black/9300000020732480/
Apple iPhone 11 - 128GB - Wit,679,665,14,Apple,https://www.bol.com//nl/p/apple-iphone-11-128gb-wit/9200000119816050/
Alcatel 1 Dual Sim Black,66,61,5,Alcatel,https://www.bol.com//nl/p/alcatel-1-dual-sim-black/9200000098242702/
Samsung Galaxy A6 - 32GB - Black (Zwart),225,169,56,Samsung,https://www.bol.com//nl/p/samsung-galaxy-a6-32gb-black/9200000093337326/
Poco X3 Pro - 256GB - Zwart,309,0,0,Xiaomi,https://www.bol.com//nl/p/poco-x3-pro-256gb-zwart/9300000031501847/
Samsung Galaxy Z Fold 2 5G - 256GB - Mystic Bronze,1333,1193,140,Samsung,https://www.bol.com//nl/p/samsung-galaxy-z-fold-2-5g-256gb-mystic-bronze/9300000008841597/
Apple iPhone 12 Mini - 64GB - Rood,693,0,0,Apple,https://www.bol.com//nl/p/apple-iphone-12-mini-64gb-rood/9300000013742292/
BlackBerry Q10 16GB 4G Wit,149,0,0,BlackBerry,https://www.bol.com//nl/p/blackberry-q10-16gb-4g-wit/9200000053591911/
Samsung Galaxy  S21 - 5G - 256GB - Phantom Violet,819,749,70,Samsung,https://www.bol.com//nl/p/samsung-galaxy-s21-5g-256gb-phantom-violet/9300000020732479/
Apple iPhone 12 Pro - 128GB - Goud,1099,0,0,Apple,https://www.bol.com//nl/p/apple-iphone-12-pro-128gb-goud/9300000013742331/
not found,399,0,0,Samsung,not found
Xiaomi Redmi Note 9T 5G - 128GB - Paars,229,222,7,Xiaomi,https://www.bol.com//nl/p/xiaomi-redmi-note-9t-5g-128gb-paars/9300000021026239/
Cubot King Kong Mini 2 - zwart/rood - Android 10,125,0,0,Cubot,https://www.bol.com//nl/p/cubot-king-kong-mini-2-zwart-rood-android-10/9300000030189227/
Samsung Galaxy A31 - 128GB - Blauw,245,242,3,Samsung,https://www.bol.com//nl/p/samsung-galaxy-a31-128gb-blauw/9300000008841545/
Motorola Moto G20 - 64GB - Blauw,149,0,0,Motorola,https://www.bol.com//nl/p/motorola-moto-g20-64gb-blauw/9300000035660970/
Samsung Galaxy A02s - 32GB -  Blauw,146,0,0,Samsung,https://www.bol.com//nl/p/samsung-galaxy-a02s-32gb-blauw/9300000020547716/
